,id,key,attack,defense,magic,difficulty,tags,hp,hpperlevel,mp,mpperlevel,movespeed,armor,armorperlevel,spellblock,spellblockperlevel,attackrange,hpregen,hpregenperlevel,mpregen,mpregenperlevel,crit,critperlevel,attackdamage,attackdamageperlevel,attackspeedperlevel,attackspeed
0,Aatrox,266,8,4,3,4,"['Fighter', 'Tank']",580.0,90,0.0,0.0,345,38.0,3.25,32.1,1.25,175,3.0,1.0,0.0,0.0,0,0,60.0,5.0,2.5,0.651
1,Ahri,103,3,4,8,5,"['Mage', 'Assassin']",526.0,92,418.0,25.0,330,20.88,3.5,30.0,0.5,550,6.5,0.6,8.0,0.8,0,0,53.04,3.0,2.0,0.668
2,Akali,84,5,3,8,7,['Assassin'],575.0,95,200.0,0.0,345,23.0,3.5,37.0,1.25,125,8.0,0.5,50.0,0.0,0,0,62.4,3.3,3.2,0.625
3,Alistar,12,6,9,5,7,"['Tank', 'Support']",600.0,106,350.0,40.0,330,44.0,3.5,32.1,1.25,125,8.5,0.85,8.5,0.8,0,0,62.0,3.75,2.125,0.625
4,Amumu,32,2,6,8,3,"['Tank', 'Mage']",613.12,84,287.2,40.0,335,33.0,3.8,32.1,1.25,125,9.0,0.85,7.382,0.525,0,0,53.38,3.8,2.18,0.736
5,Anivia,34,1,4,10,10,"['Mage', 'Support']",480.0,82,495.0,25.0,325,21.22,4.0,30.0,0.5,600,5.5,0.55,8.0,0.8,0,0,51.376,3.2,1.68,0.625
6,Annie,1,2,3,10,6,['Mage'],524.0,88,418.0,25.0,335,19.22,4.0,30.0,0.5,625,5.5,0.55,8.0,0.8,0,0,50.41,2.625,1.36,0.579
7,Aphelios,523,6,2,1,10,['Marksman'],530.0,88,348.0,42.0,325,28.0,3.0,26.0,0.5,550,3.25,0.55,6.5,0.4,0,0,57.0,2.0,2.1,0.64
8,Ashe,22,7,3,2,4,"['Marksman', 'Support']",570.0,87,280.0,32.0,325,26.0,3.4,30.0,0.5,600,3.5,0.55,6.972,0.4,0,0,61.0,2.96,3.33,0.658
9,AurelionSol,136,2,3,8,7,['Mage'],575.0,92,350.0,50.0,325,19.0,3.6,30.0,0.5,550,7.0,0.6,6.0,0.8,0,0,57.0,3.2,1.36,0.625
10,Azir,268,6,3,8,9,"['Mage', 'Marksman']",552.0,92,480.0,21.0,335,19.04,3.0,30.0,0.5,525,7.0,0.75,8.0,0.8,0,0,52.0,2.8,3.0,0.625
11,Bard,432,4,4,5,9,"['Support', 'Mage']",560.0,89,350.0,50.0,330,34.0,4.0,30.0,0.5,500,5.5,0.55,6.0,0.45,0,0,52.0,3.0,2.0,0.625
12,Blitzcrank,53,4,8,5,4,"['Tank', 'Fighter']",582.6,95,267.2,40.0,325,37.0,3.5,32.1,1.25,125,8.5,0.75,8.5,0.8,0,0,61.54,3.5,1.13,0.625
13,Brand,63,2,2,9,4,['Mage'],519.68,88,469.0,21.0,340,21.88,3.5,30.0,0.5,550,5.5,0.55,10.665,0.6,0,0,57.04,3.0,1.36,0.625
14,Braum,201,3,9,4,3,"['Support', 'Tank']",540.0,98,310.6,45.0,335,47.0,4.0,32.1,1.25,125,8.5,1.0,6.0,0.8,0,0,55.376,3.2,3.5,0.644
15,Caitlyn,51,8,2,2,6,['Marksman'],510.0,93,313.7,35.0,330,28.0,3.5,30.0,0.5,650,3.5,0.55,7.4,0.55,0,0,64.0,2.88,4.0,0.681
16,Camille,164,8,6,3,4,"['Fighter', 'Tank']",575.6,85,338.8,32.0,340,35.0,3.8,32.1,1.25,125,8.5,0.8,8.15,0.75,0,0,68.0,3.5,2.5,0.644
17,Cassiopeia,69,2,3,9,10,['Mage'],560.0,90,350.0,40.0,328,18.0,3.5,32.0,0.5,550,5.5,0.5,8.0,0.8,0,0,53.0,3.0,1.5,0.647
18,Chogath,31,3,7,7,5,"['Tank', 'Mage']",574.4,80,272.2,40.0,345,38.0,3.5,32.1,1.25,125,9.0,0.85,7.206,0.45,0,0,69.0,4.2,1.44,0.625
19,Corki,42,8,3,6,6,['Marksman'],518.0,87,350.16,34.0,325,28.0,3.5,30.0,0.5,550,5.5,0.55,7.424,0.55,0,0,55.0,2.5,2.3,0.638
20,Darius,122,9,5,1,2,"['Fighter', 'Tank']",582.24,100,263.0,37.5,340,39.0,4.0,32.1,1.25,175,10.0,0.95,6.6,0.35,0,0,64.0,5.0,1.0,0.625
21,Diana,131,7,6,8,4,"['Fighter', 'Mage']",570.0,95,375.0,25.0,345,31.0,3.6,32.1,1.25,150,7.5,0.85,8.0,0.8,0,0,57.0,3.0,2.25,0.625
22,Draven,119,9,3,1,8,['Marksman'],605.0,90,360.56,39.0,330,29.0,3.3,30.0,0.5,550,3.75,0.7,8.042,0.65,0,0,60.0,3.61,2.7,0.679
23,DrMundo,36,5,7,6,5,"['Fighter', 'Tank']",582.52,89,0.0,0.0,345,36.0,3.5,32.1,1.25,125,8.0,0.75,0.0,0.0,0,0,61.27,3.5,2.8,0.721
24,Ekko,245,5,3,7,8,"['Assassin', 'Fighter']",585.0,85,280.0,50.0,340,32.0,3.0,32.0,1.25,125,9.0,0.9,7.0,0.8,0,0,58.0,3.0,3.3,0.688
25,Elise,60,6,5,7,9,"['Mage', 'Fighter']",534.0,93,324.0,50.0,330,27.0,3.35,30.0,0.5,550,5.5,0.6,6.0,0.8,0,0,55.0,3.0,1.75,0.625
26,Evelynn,28,4,2,7,10,"['Assassin', 'Mage']",572.0,84,315.6,42.0,335,37.0,3.5,32.1,1.25,125,8.5,0.75,8.108,0.6,0,0,61.0,3.0,2.1,0.667
27,Ezreal,81,7,2,6,7,"['Marksman', 'Mage']",530.0,88,375.0,50.0,325,22.0,3.5,30.0,0.5,550,4.0,0.55,8.5,0.65,0,0,60.0,2.5,2.5,0.625
28,Fiddlesticks,9,2,3,9,9,"['Mage', 'Support']",580.4,92,500.0,28.0,335,34.0,3.5,30.0,0.5,480,5.5,0.6,8.0,0.8,0,0,55.36,2.625,2.11,0.625
29,Fiora,114,10,4,2,3,"['Fighter', 'Assassin']",550.0,85,300.0,40.0,345,33.0,3.5,32.1,1.25,150,8.5,0.55,8.0,0.7,0,0,68.0,3.3,3.2,0.69
30,Fizz,105,6,4,7,6,"['Assassin', 'Fighter']",570.0,98,317.2,37.0,335,22.412,3.4,32.1,1.25,175,8.0,0.7,6.0,0.8,0,0,58.04,3.0,3.1,0.658
31,Galio,3,1,10,6,5,"['Tank', 'Mage']",562.0,112,500.0,40.0,335,24.0,3.5,32.0,1.25,150,8.0,0.8,9.5,0.7,0,0,59.0,3.5,1.5,0.625
32,Gangplank,41,7,6,4,9,['Fighter'],540.0,82,282.0,40.0,345,35.0,3.0,32.1,1.25,125,6.0,0.6,7.5,0.7,0,0,64.0,3.0,3.2,0.658
33,Garen,86,7,7,1,5,"['Fighter', 'Tank']",620.0,84,0.0,0.0,340,36.0,3.0,32.1,0.75,175,8.0,0.5,0.0,0.0,0,0,66.0,4.5,3.65,0.625
34,Gnar,150,6,5,5,8,"['Fighter', 'Tank']",510.0,65,100.0,0.0,335,32.0,2.5,30.0,0.5,175,4.5,1.75,0.0,0.0,0,0,59.0,3.0,6.0,0.625
35,Gragas,79,4,7,6,5,"['Fighter', 'Mage']",600.0,95,400.0,47.0,330,35.0,3.6,32.1,1.25,125,5.5,0.5,6.0,0.8,0,0,64.0,3.5,2.05,0.675
36,Graves,104,8,5,3,3,['Marksman'],555.0,92,325.0,40.0,340,33.0,3.4,32.0,1.25,425,8.0,0.7,8.0,0.7,0,0,68.0,3.0,2.6,0.475
37,Hecarim,120,8,6,4,6,"['Fighter', 'Tank']",580.0,90,277.2,40.0,345,36.0,4.0,32.1,1.25,175,7.0,0.75,6.5,0.6,0,0,66.0,3.2,2.5,0.67
38,Heimerdinger,74,2,6,8,8,"['Mage', 'Support']",488.0,87,385.0,20.0,340,19.04,3.0,30.0,0.5,550,7.0,0.55,8.0,0.8,0,0,55.536,2.7,1.36,0.625
39,Illaoi,420,8,6,3,4,"['Fighter', 'Tank']",585.6,95,300.0,40.0,340,35.0,3.8,32.1,1.25,125,9.5,0.8,7.5,0.75,0,0,68.0,5.0,2.5,0.571
40,Irelia,39,7,4,5,5,"['Fighter', 'Assassin']",580.0,95,350.0,30.0,335,36.0,3.0,32.0,1.25,200,8.5,0.85,8.0,0.8,0,0,63.0,4.0,2.5,0.656
41,Ivern,427,3,5,7,7,"['Support', 'Mage']",585.0,95,450.0,60.0,330,27.0,3.5,32.1,1.25,475,7.0,0.85,6.0,0.75,0,0,50.0,3.0,3.4,0.644
42,Janna,40,3,5,7,7,"['Support', 'Mage']",500.0,70,350.0,64.0,315,28.0,3.8,30.0,0.5,550,5.5,0.55,11.5,0.4,0,0,46.0,1.5,2.95,0.625
43,JarvanIV,59,6,8,3,5,"['Tank', 'Fighter']",570.0,90,300.0,40.0,340,34.0,3.6,32.1,1.25,175,8.0,0.7,6.5,0.45,0,0,64.0,3.4,2.5,0.658
44,Jax,24,7,5,7,5,"['Fighter', 'Assassin']",592.8,85,338.8,32.0,350,36.0,3.0,32.1,1.25,125,8.5,0.55,7.576,0.7,0,0,68.0,3.375,3.4,0.638
45,Jayce,126,8,4,3,7,"['Fighter', 'Marksman']",560.0,90,375.0,45.0,335,27.0,3.5,30.0,0.5,125,6.0,0.6,6.0,0.8,0,0,54.0,4.25,3.0,0.658
46,Jhin,202,10,2,6,6,"['Marksman', 'Mage']",585.0,93,300.0,50.0,330,24.0,3.5,30.0,0.5,550,3.75,0.55,6.0,0.8,0,0,59.0,4.7,0.0,0.625
47,Jinx,222,9,2,4,6,['Marksman'],610.0,86,245.0,45.0,325,28.0,3.5,30.0,0.5,525,3.75,0.5,6.7,1.0,0,0,57.0,3.4,1.0,0.625
48,Kaisa,145,8,5,3,6,['Marksman'],600.0,88,344.88,38.0,335,28.0,3.0,30.0,0.5,525,3.5,0.55,8.2,0.45,0,0,59.0,1.7,1.8,0.644
49,Kalista,429,8,2,4,7,['Marksman'],534.0,100,250.0,45.0,325,21.0,4.0,30.0,0.5,525,3.75,0.55,6.3,0.4,0,0,69.0,3.5,4.0,0.694
50,Karma,43,1,7,8,5,"['Mage', 'Support']",534.0,95,374.0,50.0,335,26.0,3.8,30.0,0.5,525,5.5,0.55,11.5,0.5,0,0,53.544,3.3,2.3,0.625
51,Karthus,30,2,2,10,7,['Mage'],550.0,87,467.0,30.5,335,20.88,3.5,30.0,0.5,450,6.5,0.55,8.0,0.8,0,0,45.66,3.25,2.11,0.625
52,Kassadin,38,3,5,8,8,"['Assassin', 'Mage']",576.0,90,397.6,67.0,335,19.0,2.8,30.0,0.5,150,6.0,0.5,6.0,0.8,0,0,58.852,3.9,3.7,0.64
53,Katarina,55,4,3,9,8,"['Assassin', 'Mage']",602.0,94,0.0,0.0,340,27.88,3.5,32.1,1.25,125,7.5,0.7,0.0,0.0,0,0,58.0,3.2,2.74,0.658
54,Kayle,10,6,6,7,7,"['Fighter', 'Support']",600.0,85,330.0,50.0,335,26.0,3.0,34.0,0.5,175,5.0,0.5,8.0,0.8,0,0,50.0,2.5,1.5,0.625
55,Kayn,141,10,6,1,8,"['Fighter', 'Assassin']",585.0,85,410.0,50.0,340,38.0,3.3,32.1,1.25,175,8.0,0.75,11.5,0.95,0,0,68.0,3.3,2.7,0.669
56,Kennen,85,6,4,7,4,"['Mage', 'Marksman']",541.0,84,200.0,0.0,335,29.0,3.75,30.0,0.5,550,5.5,0.65,50.0,0.0,0,0,48.0,3.75,3.4,0.625
57,Khazix,121,9,4,3,6,['Assassin'],572.8,85,327.2,40.0,350,36.0,3.0,32.1,1.25,125,7.5,0.75,7.59,0.5,0,0,63.0,3.1,2.7,0.668
58,Kindred,203,8,2,2,4,['Marksman'],540.0,85,300.0,35.0,325,29.0,3.5,30.0,0.5,500,7.0,0.55,7.0,0.4,0,0,65.0,2.5,3.5,0.625
59,Kled,240,8,2,2,7,"['Fighter', 'Tank']",340.0,70,100.0,0.0,345,35.0,4.0,32.1,1.25,125,6.0,0.75,0.0,0.0,0,0,65.0,3.5,3.5,0.625
60,KogMaw,96,8,2,5,6,"['Marksman', 'Mage']",565.0,90,325.0,40.0,330,24.0,3.5,30.0,0.5,500,3.75,0.55,8.75,0.7,0,0,61.0,3.11,2.65,0.665
61,Leblanc,7,1,4,10,9,"['Assassin', 'Mage']",528.0,92,334.0,50.0,340,21.88,3.5,30.0,0.5,525,7.5,0.55,6.0,0.8,0,0,54.88,3.5,1.4,0.625
62,LeeSin,64,8,5,3,6,"['Fighter', 'Assassin']",575.0,85,200.0,0.0,345,33.0,3.7,32.1,1.25,125,7.5,0.7,50.0,0.0,0,0,70.0,3.2,3.0,0.651
63,Leona,89,4,8,3,4,"['Tank', 'Support']",576.16,87,302.2,40.0,335,47.0,3.6,32.1,1.25,125,8.5,0.85,6.0,0.8,0,0,60.04,3.0,2.9,0.625
64,Lillia,876,0,2,10,8,"['Fighter', 'Mage']",580.0,90,410.0,50.0,330,20.0,4.0,32.1,0.75,325,9.0,0.75,11.5,0.95,0,0,61.0,3.1,2.7,0.625
65,Lissandra,127,2,5,8,6,['Mage'],550.0,90,475.0,30.0,325,22.0,3.7,30.0,0.5,550,7.0,0.55,8.0,0.4,0,0,53.0,2.7,1.36,0.656
66,Lucian,236,8,5,3,6,['Marksman'],571.0,86,348.88,38.0,335,28.0,3.0,30.0,0.5,500,3.75,0.65,8.176,0.7,0,0,64.0,2.75,3.3,0.638
67,Lulu,117,4,5,7,5,"['Support', 'Mage']",525.0,74,350.0,55.0,330,29.0,3.7,30.0,0.5,550,6.0,0.6,11.0,0.6,0,0,47.0,2.6,2.25,0.625
68,Lux,99,2,4,9,5,"['Mage', 'Support']",490.0,85,480.0,23.5,330,18.72,4.0,30.0,0.5,550,5.5,0.55,8.0,0.8,0,0,53.54,3.3,1.0,0.669
69,Malphite,54,5,9,7,2,"['Tank', 'Fighter']",574.2,90,282.2,40.0,335,37.0,3.75,32.1,1.25,125,7.0,0.55,7.324,0.55,0,0,61.97,4.0,3.4,0.736
70,Malzahar,90,2,2,9,6,"['Mage', 'Assassin']",537.0,87,375.0,27.5,335,18.0,3.5,30.0,0.5,500,6.0,0.6,8.0,0.8,0,0,55.0,3.0,1.5,0.625
71,Maokai,57,3,8,6,3,"['Tank', 'Mage']",565.0,95,375.0,43.0,335,39.0,4.0,32.1,1.25,125,5.0,0.75,7.2,0.6,0,0,63.54,3.3,2.125,0.8
72,MasterYi,11,10,4,2,4,"['Assassin', 'Fighter']",598.56,92,250.56,42.0,355,33.0,3.0,32.1,1.25,125,7.5,0.65,7.256,0.45,0,0,66.0,3.0,2.0,0.679
73,MissFortune,21,8,2,5,1,['Marksman'],570.0,93,325.84,35.0,325,28.0,3.0,30.0,0.5,550,3.75,0.65,8.042,0.65,0,0,52.0,2.7,2.25,0.656
74,MonkeyKing,62,8,5,2,3,"['Fighter', 'Tank']",540.0,85,300.0,45.0,345,31.0,3.5,28.0,1.25,175,4.0,0.65,8.0,0.65,0,0,68.0,4.0,3.0,0.711
75,Mordekaiser,82,4,6,7,4,['Fighter'],575.0,90,100.0,0.0,335,37.0,3.0,32.0,1.25,175,5.0,0.75,0.0,0.0,0,0,61.0,4.0,1.0,0.625
76,Morgana,25,1,6,8,1,"['Mage', 'Support']",560.0,90,340.0,60.0,335,25.0,3.8,30.0,0.5,450,5.5,0.4,11.0,0.4,0,0,56.0,3.5,1.53,0.625
77,Nami,267,4,3,7,5,"['Support', 'Mage']",475.0,74,365.0,43.0,335,29.0,4.0,30.0,0.5,550,5.5,0.55,11.5,0.4,0,0,51.208,3.1,2.61,0.644
78,Nasus,75,7,5,6,6,"['Fighter', 'Tank']",561.2,90,325.6,42.0,350,34.0,3.5,32.1,1.25,125,9.0,0.9,7.44,0.5,0,0,67.0,3.5,3.48,0.638
79,Nautilus,111,4,6,6,6,"['Tank', 'Fighter']",576.48,86,400.0,47.0,325,39.0,3.75,32.1,1.25,175,8.5,0.55,8.626,0.5,0,0,61.0,3.3,1.0,0.706
80,Neeko,518,1,1,9,5,"['Mage', 'Support']",540.0,90,450.0,30.0,340,21.0,4.0,30.0,0.5,550,7.5,0.75,7.0,0.7,0,0,48.0,2.5,3.5,0.625
81,Nidalee,76,5,4,7,8,"['Assassin', 'Mage']",545.0,85,295.6,45.0,335,28.0,3.5,30.0,0.5,525,6.0,0.6,6.0,0.8,0,0,61.0,3.5,3.22,0.638
82,Nocturne,56,9,5,2,4,"['Assassin', 'Fighter']",585.0,85,275.0,35.0,345,38.0,3.5,32.1,0.75,125,7.0,0.75,7.0,0.45,0,0,62.0,3.1,2.7,0.721
83,Nunu,20,4,6,7,4,"['Tank', 'Fighter']",570.0,82,280.0,42.0,345,32.0,3.0,32.1,1.25,125,5.0,0.8,7.0,0.5,0,0,61.0,3.0,2.25,0.625
84,Olaf,2,9,5,3,3,"['Fighter', 'Tank']",597.24,93,315.6,42.0,350,35.0,3.0,32.1,1.25,125,8.5,0.9,7.466,0.575,0,0,68.0,3.5,2.7,0.694
85,Orianna,61,4,3,9,7,"['Mage', 'Support']",530.0,91,418.0,25.0,325,17.04,3.0,26.0,0.5,525,7.0,0.55,8.0,0.8,0,0,40.368,2.6,3.5,0.658
86,Ornn,516,5,9,3,5,"['Tank', 'Fighter']",590.0,95,340.6,45.0,335,33.0,4.0,32.1,1.25,175,9.0,0.9,8.01,0.6,0,0,69.0,3.5,2.0,0.625
87,Pantheon,80,9,4,3,4,"['Fighter', 'Assassin']",580.0,95,317.12,31.0,355,40.0,3.75,28.0,1.25,175,10.0,0.65,7.356,0.45,0,0,64.0,3.3,2.95,0.644
88,Poppy,78,6,7,2,6,"['Tank', 'Fighter']",540.0,90,280.0,40.0,345,38.0,3.5,32.0,1.25,125,8.0,0.8,7.0,0.7,0,0,64.0,4.0,2.5,0.625
89,Pyke,555,9,3,1,7,"['Support', 'Assassin']",600.0,90,415.0,50.0,330,45.0,3.5,32.0,1.25,150,7.0,0.5,8.0,1.0,0,0,62.0,2.0,2.5,0.667
90,Qiyana,246,0,2,4,8,"['Assassin', 'Fighter']",590.0,90,320.0,50.0,335,28.0,3.5,32.1,1.25,150,8.5,0.65,8.0,0.7,0,0,64.0,3.1,2.1,0.625
91,Quinn,133,9,4,2,5,"['Marksman', 'Assassin']",532.8,85,268.8,35.0,335,28.0,3.5,30.0,0.5,525,5.5,0.55,6.972,0.4,0,0,59.0,2.4,3.1,0.668
92,Rakan,497,2,4,8,5,['Support'],540.0,85,315.0,50.0,335,32.0,3.9,32.1,1.25,300,5.0,0.5,8.75,0.5,0,0,62.0,3.5,3.0,0.635
93,Rammus,33,4,10,5,5,"['Tank', 'Fighter']",564.48,95,310.44,33.0,335,36.0,4.3,32.1,1.25,125,8.0,0.55,7.84,0.5,0,0,55.88,3.5,2.215,0.656
94,RekSai,421,8,5,2,3,['Fighter'],570.0,85,100.0,0.0,335,36.0,3.75,32.1,1.25,175,7.5,0.65,0.0,0.0,0,0,64.0,3.0,2.0,0.667
95,Renekton,58,8,5,2,3,"['Fighter', 'Tank']",575.0,87,100.0,0.0,345,35.0,4.0,32.1,1.25,125,8.0,0.75,0.0,0.0,0,0,69.0,3.75,2.75,0.665
96,Rengar,107,7,4,2,8,"['Assassin', 'Fighter']",585.0,90,4.0,0.0,345,34.0,3.0,32.1,1.25,125,7.0,0.5,0.0,0.0,0,0,68.0,3.0,3.0,0.667
97,Riven,92,8,5,1,8,"['Fighter', 'Assassin']",560.0,86,0.0,0.0,340,33.0,3.2,32.1,1.25,125,8.5,0.5,0.0,0.0,0,0,64.0,3.0,3.5,0.625
98,Rumble,68,3,6,8,10,"['Fighter', 'Mage']",589.0,85,100.0,0.0,345,31.0,3.5,32.1,1.25,125,8.0,0.6,0.0,0.0,0,0,61.0,3.2,1.85,0.644
99,Ryze,13,2,2,10,7,"['Mage', 'Fighter']",575.0,98,300.0,50.0,340,22.0,3.0,36.0,0.5,550,8.0,0.8,8.0,1.0,0,0,58.0,3.0,2.112,0.625
100,Sejuani,113,5,7,6,4,"['Tank', 'Fighter']",560.0,100,400.0,40.0,340,34.0,4.25,32.1,1.25,150,8.5,1.0,7.0,0.7,0,0,66.0,4.0,3.5,0.688
101,Senna,235,7,2,6,7,"['Marksman', 'Support']",520.0,75,350.0,45.0,330,28.0,3.5,30.0,0.5,600,3.5,0.55,11.5,0.4,0,0,50.0,0.0,4.0,0.625
102,Sett,875,8,5,1,2,"['Fighter', 'Tank']",600.0,93,0.0,0.0,340,33.0,4.0,32.0,1.25,125,7.0,0.5,0.0,0.0,0,0,60.0,4.0,1.75,0.625
103,Shaco,35,8,4,6,9,['Assassin'],587.0,89,297.2,40.0,350,30.0,3.5,32.1,1.25,125,8.5,0.55,7.156,0.45,0,0,63.0,3.0,3.0,0.694
104,Shen,98,3,9,3,4,['Tank'],540.0,85,400.0,0.0,340,34.0,3.0,32.1,1.25,125,8.5,0.75,50.0,0.0,0,0,60.0,3.0,3.0,0.751
105,Shyvana,102,8,6,3,4,"['Fighter', 'Tank']",595.0,95,100.0,0.0,350,38.0,3.35,32.1,1.25,125,8.5,0.8,0.0,0.0,0,0,66.0,3.4,2.5,0.658
106,Singed,27,4,8,7,5,"['Tank', 'Fighter']",580.0,85,330.0,45.0,345,34.0,3.5,32.1,1.25,125,9.5,0.55,7.5,0.55,0,0,63.0,3.375,1.9,0.613
107,Sion,14,5,9,3,5,"['Tank', 'Fighter']",545.0,73,330.0,42.0,345,32.0,3.0,32.1,1.25,175,7.5,0.8,8.0,0.6,0,0,68.0,4.0,1.3,0.679
108,Sivir,15,9,3,1,4,['Marksman'],562.0,90,284.0,50.0,335,26.0,3.25,30.0,0.5,500,3.25,0.55,8.0,0.9,0,0,63.0,3.0,1.6,0.625
109,Skarner,72,7,6,5,5,"['Fighter', 'Tank']",601.28,90,320.0,40.0,335,38.0,3.8,32.1,1.25,125,9.0,0.85,7.206,0.45,0,0,65.0,4.5,2.1,0.625
110,Sona,37,5,2,8,4,"['Support', 'Mage']",482.36,77,340.6,45.0,325,28.0,3.3,30.0,0.5,550,5.5,0.55,11.5,0.4,0,0,49.0,3.0,2.3,0.644
111,Soraka,16,2,5,7,3,"['Support', 'Mage']",535.0,74,425.0,40.0,325,32.0,3.8,30.0,0.5,550,2.5,0.5,11.5,0.4,0,0,50.0,3.0,2.14,0.625
112,Swain,50,2,6,9,8,"['Mage', 'Fighter']",525.0,85,468.0,28.5,325,22.72,4.0,30.0,0.5,525,7.0,0.65,8.0,0.8,0,0,58.0,2.7,2.11,0.625
113,Sylas,517,3,4,8,5,"['Mage', 'Assassin']",525.0,115,280.0,50.0,340,27.0,4.0,32.0,1.75,175,9.0,0.9,7.0,0.8,0,0,61.0,3.0,3.5,0.645
114,Syndra,134,2,3,9,8,"['Mage', 'Support']",523.0,90,480.0,40.0,330,24.712,3.4,30.0,0.5,550,6.5,0.6,8.0,0.8,0,0,53.872,2.9,2.0,0.625
115,TahmKench,223,3,9,6,5,"['Support', 'Tank']",600.0,100,325.0,40.0,335,47.0,3.5,32.1,1.25,175,6.5,0.55,8.0,1.0,0,0,56.0,3.2,2.5,0.658
116,Taliyah,163,1,7,8,5,"['Mage', 'Support']",532.0,90,425.0,30.0,335,20.0,3.5,30.0,0.5,525,7.0,0.7,9.335,0.85,0,0,58.0,3.3,1.36,0.625
117,Talon,91,9,3,1,7,['Assassin'],588.0,95,377.2,37.0,335,30.0,3.5,39.0,1.25,125,8.5,0.75,7.6,0.8,0,0,68.0,3.1,2.9,0.625
118,Taric,44,4,8,5,3,"['Support', 'Fighter']",575.0,85,300.0,60.0,340,40.0,3.4,32.1,1.25,150,6.0,0.5,8.5,0.8,0,0,55.0,3.5,2.0,0.625
119,Teemo,17,5,3,7,6,"['Marksman', 'Assassin']",528.0,90,334.0,20.0,330,24.3,3.75,30.0,0.5,500,5.5,0.65,9.6,0.45,0,0,54.0,3.0,3.38,0.69
120,Thresh,412,5,6,6,7,"['Support', 'Fighter']",560.52,93,273.92,44.0,335,28.0,0.0,30.0,0.5,450,7.0,0.55,6.0,0.8,0,0,56.0,2.2,3.5,0.625
121,Tristana,18,9,3,5,4,"['Marksman', 'Assassin']",559.0,88,250.0,32.0,325,26.0,3.0,30.0,0.5,525,3.75,0.65,7.2,0.45,0,0,61.0,3.3,1.5,0.656
122,Trundle,48,7,6,2,5,"['Fighter', 'Tank']",616.0,96,281.0,45.0,350,37.0,2.7,32.1,1.25,175,6.0,0.75,7.5,0.6,0,0,68.0,3.0,2.9,0.67
123,Tryndamere,23,10,5,2,5,"['Fighter', 'Assassin']",625.64,98,100.0,0.0,345,33.0,3.1,32.1,1.25,125,8.5,0.9,0.0,0.0,0,0,69.0,3.7,2.9,0.67
124,TwistedFate,4,6,2,6,9,['Mage'],534.0,94,333.0,19.0,335,21.0,3.15,30.0,0.5,525,5.5,0.6,8.0,0.8,0,0,52.0,3.3,3.22,0.651
125,Twitch,29,9,2,3,6,"['Marksman', 'Assassin']",612.0,86,287.2,40.0,330,27.0,3.0,30.0,0.5,550,3.75,0.6,7.256,0.45,0,0,59.0,3.11,3.38,0.679
126,Udyr,77,8,7,4,7,"['Fighter', 'Tank']",594.0,99,271.0,30.0,350,34.0,4.0,32.1,1.25,125,6.0,0.75,7.5,0.45,0,0,66.0,5.0,2.67,0.658
127,Urgot,6,8,5,3,8,"['Fighter', 'Tank']",585.0,88,340.0,45.0,330,36.0,4.25,32.1,1.25,350,7.5,0.7,7.25,0.8,0,0,63.0,4.0,3.75,0.625
128,Varus,110,7,3,4,2,"['Marksman', 'Mage']",530.0,91,360.0,33.0,330,27.0,3.4,30.0,0.5,575,3.5,0.55,8.0,0.8,0,0,61.0,3.0,3.0,0.658
129,Vayne,67,10,1,1,8,"['Marksman', 'Assassin']",515.0,89,231.8,35.0,330,23.0,3.4,30.0,0.5,550,3.5,0.55,6.972,0.4,0,0,60.0,2.36,3.3,0.658
130,Veigar,45,2,2,10,7,['Mage'],505.0,94,490.0,26.0,340,23.0,3.75,32.0,0.5,550,6.5,0.6,8.0,0.8,0,0,52.0,2.7,2.24,0.625
131,Velkoz,161,2,2,10,8,['Mage'],520.0,88,469.0,21.0,340,21.88,3.5,30.0,0.5,525,5.5,0.55,8.0,0.8,0,0,54.9379,3.1416,1.36,0.625
132,Vi,254,8,5,3,4,"['Fighter', 'Assassin']",585.0,85,295.0,45.0,340,30.0,4.0,32.1,1.25,125,10.0,1.0,8.0,0.65,0,0,63.0,3.5,2.0,0.644
133,Viktor,112,2,4,10,9,['Mage'],530.0,90,405.0,25.0,335,23.0,4.0,30.0,0.5,525,8.0,0.65,8.0,0.8,0,0,53.0,3.0,2.11,0.658
134,Vladimir,8,2,6,8,7,['Mage'],537.0,96,2.0,0.0,330,23.0,3.3,30.0,0.5,450,7.0,0.6,0.0,0.0,0,0,55.0,3.0,2.0,0.658
135,Volibear,106,7,7,4,3,"['Fighter', 'Tank']",580.0,90,350.0,50.0,340,31.0,4.0,32.0,1.25,150,9.0,0.75,6.25,0.5,0,0,60.0,3.0,2.0,0.625
136,Warwick,19,9,5,3,3,"['Fighter', 'Tank']",550.0,85,280.0,35.0,335,33.0,3.2,32.1,1.25,125,4.0,0.75,7.466,0.575,0,0,65.0,3.0,2.3,0.638
137,Xayah,498,10,6,1,5,['Marksman'],590.0,88,340.0,40.0,325,25.0,3.0,30.0,0.5,525,3.25,0.75,8.25,0.75,0,0,60.0,2.9,3.3,0.625
138,Xerath,101,1,3,10,8,['Mage'],526.0,92,459.0,22.0,340,21.88,3.5,30.0,0.5,525,5.5,0.55,8.0,0.8,0,0,54.7,3.0,1.36,0.625
139,XinZhao,5,8,6,3,2,"['Fighter', 'Assassin']",570.0,92,273.8,35.0,345,35.0,3.5,32.1,1.25,175,8.0,0.7,7.256,0.45,0,0,66.0,3.0,3.5,0.645
140,Yasuo,157,8,4,4,10,"['Fighter', 'Assassin']",490.0,87,100.0,0.0,345,30.0,3.4,32.0,1.25,175,6.5,0.9,0.0,0.0,0,0,60.0,3.2,2.5,0.697
141,Yone,777,8,4,4,8,"['Assassin', 'Fighter']",550.0,85,500.0,0.0,345,28.0,3.4,32.0,1.25,175,7.5,0.75,0.0,0.0,0,0,60.0,3.0,2.5,0.625
142,Yorick,83,6,6,4,6,"['Fighter', 'Tank']",580.0,100,300.0,40.0,340,39.0,4.0,32.0,1.25,175,8.0,0.8,7.5,0.75,0,0,62.0,5.0,2.0,0.625
143,Yuumi,350,5,1,8,2,"['Support', 'Mage']",480.0,70,400.0,45.0,330,25.0,3.0,25.0,0.3,500,7.0,0.55,10.0,0.4,0,0,55.0,3.1,1.0,0.625
144,Zac,154,3,7,7,8,"['Tank', 'Fighter']",615.0,95,0.0,0.0,340,33.0,3.5,32.0,1.25,175,8.0,0.5,0.0,0.0,0,0,60.0,3.4,1.6,0.736
145,Zed,238,9,2,1,7,['Assassin'],584.0,85,200.0,0.0,345,32.0,3.5,32.1,1.25,125,7.0,0.65,50.0,0.0,0,0,63.0,3.4,3.3,0.651
146,Ziggs,115,2,4,9,4,['Mage'],536.0,92,480.0,23.5,325,21.544,3.3,30.0,0.5,550,6.5,0.6,8.0,0.8,0,0,54.208,3.1,2.0,0.656
147,Zilean,26,2,5,8,6,"['Support', 'Mage']",504.0,82,452.0,30.0,335,24.0,3.8,30.0,0.5,550,5.5,0.5,11.335,0.8,0,0,51.64,3.0,2.13,0.625
148,Zoe,142,1,7,8,5,"['Mage', 'Support']",560.0,92,425.0,25.0,340,20.8,3.5,30.0,0.5,550,6.5,0.6,8.0,0.65,0,0,58.0,3.3,2.5,0.625
149,Zyra,143,4,3,8,7,"['Mage', 'Support']",504.0,79,418.0,25.0,340,29.0,3.0,30.0,0.5,575,5.5,0.5,13.0,0.4,0,0,53.376,3.2,2.11,0.625
